Open time,Open,High,Low,Close,Volume,Close time,Quote asset volume,Number of trades,Taker buy base asset volume,Taker buy quote asset volume,Ignore,Delta,Day,Cumulative delta
2023-06-25 09:00:00,1916.4,1921.45,1907.49,1918.19,14955.1275,2023-06-25 09:59:59.999,28630060.599801,20623,6240.7854,11947345.836076,0,-8714.342100000002,2023-06-25,-8714.342100000002
2023-06-25 10:00:00,1918.2,1924.51,1913.11,1915.13,14248.777,2023-06-25 10:59:59.999,27337288.868969,20364,6730.3456,12911821.908999,0,-7518.4314,2023-06-25,-16232.773500000003
2023-06-25 11:00:00,1915.13,1918.38,1909.69,1918.37,10992.7725,2023-06-25 11:59:59.999,21051113.283704,17465,4336.4728,8303947.589032,0,-6656.2997,2023-06-25,-22889.073200000003
2023-06-25 12:00:00,1918.37,1919.57,1909.29,1913.32,9456.3193,2023-06-25 12:59:59.999,18098532.536796,17215,4242.6142,8119636.226437,0,-5213.705099999999,2023-06-25,-28102.7783
2023-06-25 13:00:00,1913.32,1914.79,1898.58,1905.64,22412.1934,2023-06-25 13:59:59.999,42698192.884601,30411,12234.2982,23306675.133839,0,-10177.8952,2023-06-25,-38280.673500000004
2023-06-25 14:00:00,1905.65,1909.47,1887.98,1890.21,23463.3503,2023-06-25 14:59:59.999,44543464.967841,28159,11774.1335,22352129.416605,0,-11689.216799999998,2023-06-25,-49969.8903
2023-06-25 15:00:00,1890.2,1890.95,1881.47,1886.51,24275.7926,2023-06-25 15:59:59.999,45812905.014254,28948,13923.6066,26276656.77608,0,-10352.186000000002,2023-06-25,-60322.0763
2023-06-25 16:00:00,1886.51,1894.17,1884.32,1891.9,11994.7088,2023-06-25 16:59:59.999,22661508.277363,17818,6162.0813,11642663.247226,0,-5832.6275000000005,2023-06-25,-66154.7038
2023-06-25 17:00:00,1891.89,1893.67,1885.0,1893.17,7789.6527,2023-06-25 17:59:59.999,14727928.08929,12363,3770.858,7129271.225234,0,-4018.7946999999995,2023-06-25,-70173.4985
2023-06-25 18:00:00,1893.18,1894.85,1881.56,1894.85,11192.9251,2023-06-25 18:59:59.999,21131040.048387,16268,5648.1805,10665644.906185,0,-5544.7446,2023-06-25,-75718.2431
2023-06-25 19:00:00,1894.84,1895.51,1884.39,1894.6,7535.8793,2023-06-25 19:59:59.999,14247363.240022,12965,3565.4959,6740702.935926,0,-3970.3833999999997,2023-06-25,-79688.6265
2023-06-25 20:00:00,1894.6,1902.47,1888.37,1894.23,12242.2171,2023-06-25 20:59:59.999,23231474.891756,18327,6555.0475,12438218.664262,0,-5687.1696,2023-06-25,-85375.7961
2023-06-25 21:00:00,1894.23,1897.67,1893.52,1895.59,4490.2613,2023-06-25 21:59:59.999,8511214.880305,9037,2144.5783,4064904.073562,0,-2345.683,2023-06-25,-87721.4791
2023-06-25 22:00:00,1895.6,1906.3,1892.39,1900.16,9155.1568,2023-06-25 22:59:59.999,17404538.460387,12924,4780.6323,9088701.663133,0,-4374.5245,2023-06-25,-92096.0036
2023-06-25 23:00:00,1900.16,1901.98,1897.43,1898.8,6138.8132,2023-06-25 23:59:59.999,11661279.332745,9000,2819.3764,5355314.267889,0,-3319.4367999999995,2023-06-25,-95415.4404
2023-06-26 00:00:00,1898.8,1904.26,1887.73,1888.36,14460.4227,2023-06-26 00:59:59.999,27420350.018191,26020,6535.0538,12393060.386891,0,-7925.3688999999995,2023-06-26,-7925.3688999999995
2023-06-26 01:00:00,1888.36,1888.56,1866.0,1876.0,44145.7541,2023-06-26 01:59:59.999,82871111.919473,46210,20614.796,38690323.272744,0,-23530.9581,2023-06-26,-31456.326999999997
2023-06-26 02:00:00,1876.0,1878.99,1871.03,1878.6,9921.3701,2023-06-26 02:59:59.999,18603141.937329,13195,5607.1034,10514335.413318,0,-4314.2667,2023-06-26,-35770.5937
2023-06-26 03:00:00,1878.59,1881.01,1874.23,1880.46,4951.8074,2023-06-26 03:59:59.999,9296392.760966,9084,2002.8411,3760837.398198,0,-2948.9662999999996,2023-06-26,-38719.56
2023-06-26 04:00:00,1880.46,1880.47,1875.4,1877.88,4478.4577,2023-06-26 04:59:59.999,8409387.568834,9056,1746.8085,3279685.758501,0,-2731.6492,2023-06-26,-41451.2092
2023-06-26 05:00:00,1877.87,1879.9,1871.04,1877.73,6900.5758,2023-06-26 05:59:59.999,12942905.779319,11750,3203.4699,6008211.90424,0,-3697.1058999999996,2023-06-26,-45148.3151
2023-06-26 06:00:00,1877.74,1898.0,1875.62,1895.94,14160.0861,2023-06-26 06:59:59.999,26696829.256496,22414,8538.9475,16099626.953035,0,-5621.1386,2023-06-26,-50769.4537
2023-06-26 07:00:00,1895.94,1904.76,1885.91,1892.32,22349.6031,2023-06-26 07:59:59.999,42401790.793465,29276,11312.5154,21458169.009441,0,-11037.0877,2023-06-26,-61806.5414
2023-06-26 08:00:00,1892.32,1893.8,1887.31,1892.01,11143.5778,2023-06-26 08:59:59.999,21070472.598511,13500,6464.7942,12223475.069636,0,-4678.783599999999,2023-06-26,-66485.325
2023-06-26 09:00:00,1892.0,1893.95,1882.59,1884.01,14640.3399,2023-06-26 09:59:59.999,27645210.562126,14964,7013.4738,13244580.279225,0,-7626.866100000001,2023-06-26,-74112.1911
2023-06-26 10:00:00,1884.01,1884.01,1872.38,1877.04,30695.9792,2023-06-26 10:59:59.999,57643893.69091,25028,15165.842,28476429.008107,0,-15530.137200000001,2023-06-26,-89642.3283
2023-06-26 11:00:00,1877.03,1881.8,1875.19,1880.87,10091.1808,2023-06-26 11:59:59.999,18967746.908456,13067,4136.3643,7774818.496409,0,-5954.8165,2023-06-26,-95597.1448
2023-06-26 12:00:00,1880.87,1884.66,1874.94,1884.66,10066.5683,2023-06-26 12:59:59.999,18930026.44412,13863,4227.1301,7948972.187485,0,-5839.4382000000005,2023-06-26,-101436.583
2023-06-26 13:00:00,1884.65,1906.59,1882.73,1905.06,23474.3075,2023-06-26 13:59:59.999,44443591.250125,27503,12319.7291,23326394.594168,0,-11154.578399999999,2023-06-26,-112591.1614
2023-06-26 14:00:00,1905.06,1909.1,1871.01,1883.6,42717.983,2023-06-26 14:59:59.999,80718864.461694,41777,20159.9682,38072484.148471,0,-22558.0148,2023-06-26,-135149.1762
2023-06-26 15:00:00,1883.59,1894.0,1880.63,1889.32,18145.1218,2023-06-26 15:59:59.999,34244036.926996,22515,9284.0883,17519029.207271,0,-8861.033500000001,2023-06-26,-144010.2097
2023-06-26 16:00:00,1889.33,1890.69,1846.42,1852.54,63557.077,2023-06-26 16:59:59.999,118411249.492441,56978,27857.7985,51891973.465588,0,-35699.2785,2023-06-26,-179709.48820000002
2023-06-26 17:00:00,1852.54,1855.0,1837.18,1846.81,44804.7652,2023-06-26 17:59:59.999,82809052.792583,40385,20141.538,37226846.617893,0,-24663.2272,2023-06-26,-204372.71540000002
2023-06-26 18:00:00,1846.82,1853.57,1843.0,1850.61,17181.3077,2023-06-26 18:59:59.999,31756206.991674,18350,9588.0345,17720795.736591,0,-7593.273200000001,2023-06-26,-211965.9886
2023-06-26 19:00:00,1850.61,1857.63,1842.11,1854.1,15020.6933,2023-06-26 19:59:59.999,27794625.964304,17323,7854.2949,14534172.68122,0,-7166.398400000001,2023-06-26,-219132.38700000002
2023-06-26 20:00:00,1854.1,1858.36,1850.77,1851.44,10114.9342,2023-06-26 20:59:59.999,18759677.727228,14078,4876.7642,9043800.0937,0,-5238.17,2023-06-26,-224370.557
2023-06-26 21:00:00,1851.44,1856.44,1847.45,1850.8,7803.0807,2023-06-26 21:59:59.999,14455064.810118,11533,3816.1251,7068508.943365,0,-3986.9556000000002,2023-06-26,-228357.51260000002
2023-06-26 22:00:00,1850.8,1860.42,1847.02,1858.98,10019.9001,2023-06-26 22:59:59.999,18577344.336791,11676,5772.7496,10703027.180092,0,-4247.150500000001,2023-06-26,-232604.6631
2023-06-26 23:00:00,1858.98,1860.07,1854.75,1858.97,7898.9675,2023-06-26 23:59:59.999,14668187.363464,8464,3594.0445,6674436.765426,0,-4304.923,2023-06-26,-236909.58610000001
2023-06-27 00:00:00,1858.97,1864.69,1855.19,1862.04,13024.5446,2023-06-27 00:59:59.999,24227928.770217,18598,6922.6338,12878030.405309,0,-6101.9108,2023-06-27,-6101.9108
2023-06-27 01:00:00,1862.05,1867.17,1856.4,1864.04,11248.7726,2023-06-27 01:59:59.999,20949067.109484,13361,6174.0386,11497872.693946,0,-5074.734,2023-06-27,-11176.6448
2023-06-27 02:00:00,1864.03,1876.71,1862.0,1875.6,13239.8694,2023-06-27 02:59:59.999,24728291.113149,15085,7403.9725,13828283.305694,0,-5835.8969,2023-06-27,-17012.5417
2023-06-27 03:00:00,1875.6,1878.93,1870.64,1872.15,14034.9178,2023-06-27 03:59:59.999,26304110.67537,16591,6954.7906,13035756.302441,0,-7080.127199999999,2023-06-27,-24092.668899999997
2023-06-27 04:00:00,1872.16,1874.48,1870.48,1870.77,7136.4593,2023-06-27 04:59:59.999,13361098.150378,10104,3215.9833,6021197.794689,0,-3920.4760000000006,2023-06-27,-28013.1449
2023-06-27 05:00:00,1870.77,1871.43,1863.62,1867.53,9671.3791,2023-06-27 05:59:59.999,18056936.032196,12163,3248.3455,6065853.635633,0,-6423.033600000001,2023-06-27,-34436.1785
2023-06-27 06:00:00,1867.53,1869.55,1862.01,1869.47,8244.6551,2023-06-27 06:59:59.999,15383940.450028,15325,3190.8788,5954401.299008,0,-5053.7762999999995,2023-06-27,-39489.9548
2023-06-27 07:00:00,1869.47,1879.2,1867.73,1875.58,12497.7901,2023-06-27 07:59:59.999,23424677.5162,16631,6685.4176,12529960.657337,0,-5812.3725,2023-06-27,-45302.3273
2023-06-27 08:00:00,1875.59,1880.45,1873.96,1876.1,13837.707,2023-06-27 08:59:59.999,25969952.493865,16027,7805.4392,14647673.18529,0,-6032.2678000000005,2023-06-27,-51334.5951
2023-06-27 09:00:00,1876.09,1878.34,1871.61,1875.4,7864.7828,2023-06-27 09:59:59.999,14745428.970446,12225,4503.5569,8443673.347495,0,-3361.2259000000004,2023-06-27,-54695.821
2023-06-27 10:00:00,1875.4,1890.51,1875.39,1882.86,20535.8358,2023-06-27 10:59:59.999,38682711.867711,25405,11510.4722,21681638.286708,0,-9025.3636,2023-06-27,-63721.1846
2023-06-27 11:00:00,1882.86,1884.23,1874.98,1881.53,10006.7949,2023-06-27 11:59:59.999,18811916.182812,15360,4752.6116,8935308.418838,0,-5254.183300000001,2023-06-27,-68975.3679
2023-06-27 12:00:00,1881.53,1886.88,1879.11,1884.41,14691.7442,2023-06-27 12:59:59.999,27652564.185967,16998,7396.3279,13923719.367384,0,-7295.416299999999,2023-06-27,-76270.7842
2023-06-27 13:00:00,1884.42,1884.98,1875.18,1880.39,9224.2237,2023-06-27 13:59:59.999,17330572.316225,17186,4277.2766,8036089.363,0,-4946.9471,2023-06-27,-81217.7313
2023-06-27 14:00:00,1880.38,1896.55,1873.55,1884.39,26396.8687,2023-06-27 14:59:59.999,49769790.926378,32100,13351.81,25179711.790303,0,-13045.0587,2023-06-27,-94262.79000000001
2023-06-27 15:00:00,1884.38,1884.6,1863.6,1871.6,24277.2019,2023-06-27 15:59:59.999,45481799.850263,29070,11047.3665,20699471.536582,0,-13229.8354,2023-06-27,-107492.6254
2023-06-27 16:00:00,1871.6,1910.0,1869.62,1909.06,43513.2286,2023-06-27 16:59:59.999,82506746.503657,42905,22976.5522,43559827.00289,0,-20536.676400000004,2023-06-27,-128029.3018
2023-06-27 17:00:00,1909.06,1912.53,1892.91,1901.72,61789.8686,2023-06-27 17:59:59.999,117525333.053574,45437,40743.4371,77480391.700608,0,-21046.4315,2023-06-27,-149075.7333
2023-06-27 18:00:00,1901.72,1902.2,1895.55,1897.41,8121.5346,2023-06-27 18:59:59.999,15425674.279121,11462,4454.2946,8459875.083098,0,-3667.24,2023-06-27,-152742.9733
2023-06-27 19:00:00,1897.4,1901.21,1893.82,1894.39,5951.4894,2023-06-27 19:59:59.999,11291501.027222,10363,2583.8755,4902395.940031,0,-3367.6139000000003,2023-06-27,-156110.5872
2023-06-27 20:00:00,1894.4,1896.78,1886.04,1892.58,8947.4685,2023-06-27 20:59:59.999,16918186.446637,15373,4192.5027,7926115.717047,0,-4754.965800000001,2023-06-27,-160865.553
2023-06-27 21:00:00,1892.58,1897.39,1888.82,1895.72,8609.1546,2023-06-27 21:59:59.999,16289806.358108,10808,4372.0504,8271898.185828,0,-4237.1042,2023-06-27,-165102.65720000002
2023-06-27 22:00:00,1895.72,1896.37,1886.0,1886.02,7897.3612,2023-06-27 22:59:59.999,14933507.59773,9595,4299.3337,8129226.563853,0,-3598.0275,2023-06-27,-168700.6847
2023-06-27 23:00:00,1886.03,1891.6,1885.13,1889.58,5870.9182,2023-06-27 23:59:59.999,11084445.164594,9012,3319.3986,6266324.364719,0,-2551.5196,2023-06-27,-171252.2043
2023-06-28 00:00:00,1889.58,1890.19,1864.0,1875.12,35898.7227,2023-06-28 00:59:59.999,67261961.904209,37162,18104.8375,33917837.495258,0,-17793.885199999997,2023-06-28,-17793.885199999997
2023-06-28 01:00:00,1875.12,1879.34,1867.14,1870.74,14673.9959,2023-06-28 01:59:59.999,27482402.266777,14450,5423.3247,10157993.95371,0,-9250.6712,2023-06-28,-27044.556399999998
2023-06-28 02:00:00,1870.74,1873.04,1853.7,1861.21,19799.5722,2023-06-28 02:59:59.999,36887370.101198,20563,8354.887,15560625.685843,0,-11444.685199999998,2023-06-28,-38489.241599999994
2023-06-28 03:00:00,1861.2,1867.64,1859.0,1866.46,12340.2542,2023-06-28 03:59:59.999,23010170.172784,12754,7162.4582,13357193.503449,0,-5177.795999999999,2023-06-28,-43667.037599999996
2023-06-28 04:00:00,1866.46,1868.84,1862.77,1867.73,7526.1421,2023-06-28 04:59:59.999,14042361.362078,10933,4082.6245,7617247.795889,0,-3443.5176,2023-06-28,-47110.555199999995
2023-06-28 05:00:00,1867.73,1870.0,1861.8,1867.63,6554.4863,2023-06-28 05:59:59.999,12232938.59625,10485,2511.9536,4687724.022047,0,-4042.5326999999997,2023-06-28,-51153.0879
2023-06-28 06:00:00,1867.63,1867.63,1860.08,1860.78,10422.3315,2023-06-28 06:59:59.999,19420584.833539,13947,4453.9792,8298737.072494,0,-5968.3523000000005,2023-06-28,-57121.4402
2023-06-28 07:00:00,1860.79,1864.25,1848.58,1851.0,28851.4295,2023-06-28 07:59:59.999,53525741.530313,31039,12238.1519,22703346.93396,0,-16613.277599999998,2023-06-28,-73734.71779999998
2023-06-28 08:00:00,1851.0,1857.96,1850.24,1857.6,11234.6401,2023-06-28 08:59:59.999,20829465.93454,16665,5235.225,9706945.151659,0,-5999.4151,2023-06-28,-79734.1329
2023-06-28 09:00:00,1857.6,1862.3,1855.5,1860.85,8574.5082,2023-06-28 09:59:59.999,15945836.089953,15222,4359.9958,8107391.745706,0,-4214.5124000000005,2023-06-28,-83948.64529999999
2023-06-28 10:00:00,1860.85,1863.33,1859.0,1863.19,5316.3382,2023-06-28 10:59:59.999,9895031.447492,13320,3045.3284,5668401.295341,0,-2271.0098000000003,2023-06-28,-86219.65509999999
2023-06-28 11:00:00,1863.2,1865.2,1861.0,1861.1,5149.9138,2023-06-28 11:59:59.999,9594276.725558,13345,2653.4901,4943742.56603,0,-2496.4237000000003,2023-06-28,-88716.07879999999
2023-06-28 12:00:00,1861.1,1864.67,1849.9,1852.65,16596.4501,2023-06-28 12:59:59.999,30814130.737542,21505,7598.2795,14106897.379864,0,-8998.170599999998,2023-06-28,-97714.24939999999
2023-06-28 13:00:00,1852.65,1859.18,1845.06,1857.12,16090.541,2023-06-28 13:59:59.999,29818607.040455,22192,8035.9884,14892901.37671,0,-8054.552599999999,2023-06-28,-105768.802
2023-06-28 14:00:00,1857.11,1868.41,1853.0,1857.99,16301.5608,2023-06-28 14:59:59.999,30349565.510726,23034,8501.6056,15829392.812511,0,-7799.9551999999985,2023-06-28,-113568.7572
2023-06-28 15:00:00,1857.99,1863.31,1855.0,1859.6,8407.9939,2023-06-28 15:59:59.999,15635838.205967,13143,4002.8258,7443953.721689,0,-4405.168099999999,2023-06-28,-117973.92529999999
2023-06-28 16:00:00,1859.6,1864.86,1855.0,1855.02,10805.6134,2023-06-28 16:59:59.999,20088916.629568,13620,4506.192,8379087.577512,0,-6299.4214,2023-06-28,-124273.34669999998
2023-06-28 17:00:00,1855.02,1856.7,1842.0,1848.65,20118.7358,2023-06-28 17:59:59.999,37184478.960268,24953,9388.4534,17353437.78736,0,-10730.282399999998,2023-06-28,-135003.6291
2023-06-28 18:00:00,1848.64,1852.51,1846.26,1847.47,4948.8499,2023-06-28 18:59:59.999,9153605.590432,10323,2454.9072,4541108.004865,0,-2493.9427,2023-06-28,-137497.57179999998
2023-06-28 19:00:00,1847.47,1850.42,1816.56,1832.45,39475.9632,2023-06-28 19:59:59.999,72269591.851344,46955,17424.0798,31901955.553225,0,-22051.8834,2023-06-28,-159549.45519999997
2023-06-28 20:00:00,1832.46,1834.86,1825.08,1831.6,13147.978,2023-06-28 20:59:59.999,24054889.133704,17095,7765.3968,14208065.565531,0,-5382.581199999999,2023-06-28,-164932.03639999998
2023-06-28 21:00:00,1831.61,1834.11,1826.01,1829.84,10618.3346,2023-06-28 21:59:59.999,19427424.518227,12662,5375.1983,9833452.178435,0,-5243.1363,2023-06-28,-170175.1727
2023-06-28 22:00:00,1829.84,1833.73,1826.34,1827.8,7248.7564,2023-06-28 22:59:59.999,13268435.787625,10624,4020.9558,7361545.618368,0,-3227.8006,2023-06-28,-173402.97329999998
2023-06-28 23:00:00,1827.81,1837.02,1827.4,1828.02,7733.4674,2023-06-28 23:59:59.999,14164877.657931,11594,3945.1291,7225872.327999,0,-3788.3383000000003,2023-06-28,-177191.3116
2023-06-29 00:00:00,1828.03,1835.57,1827.84,1832.49,6679.6043,2023-06-29 00:59:59.999,12234591.034531,12043,3184.3754,5832085.47004,0,-3495.2289,2023-06-29,-3495.2289
2023-06-29 01:00:00,1832.49,1843.08,1831.8,1835.97,9695.8838,2023-06-29 01:59:59.999,17820603.586519,13457,5372.6332,9872688.192158,0,-4323.250599999999,2023-06-29,-7818.4794999999995
2023-06-29 02:00:00,1835.97,1837.47,1831.51,1832.55,2397.9707,2023-06-29 02:59:59.999,4399703.222088,8483,1048.5643,1923632.781576,0,-1349.4063999999998,2023-06-29,-9167.8859
2023-06-29 03:00:00,1832.56,1838.14,1831.25,1838.04,5335.0838,2023-06-29 03:59:59.999,9788396.901863,8878,2635.6425,4836058.020169,0,-2699.4413000000004,2023-06-29,-11867.3272
2023-06-29 04:00:00,1838.04,1840.98,1836.57,1839.8,3637.8608,2023-06-29 04:59:59.999,6689561.1379,7747,2214.5613,4072276.565024,0,-1423.2995,2023-06-29,-13290.6267
2023-06-29 05:00:00,1839.8,1843.99,1837.95,1838.26,5341.2377,2023-06-29 05:59:59.999,9830697.787621,9040,2198.4494,4046514.672461,0,-3142.7882999999997,2023-06-29,-16433.415
2023-06-29 06:00:00,1838.26,1840.16,1837.16,1838.2,3826.4238,2023-06-29 06:59:59.999,7035091.914121,11015,1810.5846,3328893.508869,0,-2015.8392000000001,2023-06-29,-18449.2542
2023-06-29 07:00:00,1838.2,1850.55,1837.49,1847.45,10719.1757,2023-06-29 07:59:59.999,19783718.55885,17663,5768.2474,10645325.706726,0,-4950.9283,2023-06-29,-23400.1825
2023-06-29 08:00:00,1847.45,1850.71,1846.74,1848.8,7255.3353,2023-06-29 08:59:59.999,13410656.311469,15929,3268.0488,6040943.940756,0,-3987.2864999999997,2023-06-29,-27387.468999999997
2023-06-29 09:00:00,1848.8,1859.82,1847.81,1858.36,16311.5949,2023-06-29 09:59:59.999,30257185.389219,18192,9470.658,17566189.787102,0,-6840.936900000001,2023-06-29,-34228.4059
2023-06-29 10:00:00,1858.37,1870.0,1854.34,1868.72,23973.0112,2023-06-29 10:59:59.999,44720370.367396,24303,12503.492,23322735.317766,0,-11469.5192,2023-06-29,-45697.9251
2023-06-29 11:00:00,1868.71,1872.84,1864.71,1869.6,16132.0428,2023-06-29 11:59:59.999,30147635.946886,20461,7039.9008,13155257.665455,0,-9092.142,2023-06-29,-54790.0671
2023-06-29 12:00:00,1869.59,1874.22,1865.22,1866.07,11776.7032,2023-06-29 12:59:59.999,22013908.024529,17577,6389.7613,11944751.559242,0,-5386.9419,2023-06-29,-60177.009
2023-06-29 13:00:00,1866.07,1880.0,1852.86,1857.89,33179.9325,2023-06-29 13:59:59.999,62000788.527323,38374,18213.0871,34038939.391036,0,-14966.845400000002,2023-06-29,-75143.8544
2023-06-29 14:00:00,1857.9,1862.03,1847.01,1849.61,19885.3587,2023-06-29 14:59:59.999,36915059.549856,24518,11166.0902,20734919.485858,0,-8719.2685,2023-06-29,-83863.1229
2023-06-29 15:00:00,1849.6,1854.69,1847.45,1851.79,8562.5614,2023-06-29 15:59:59.999,15857812.252317,13226,3886.9324,7198397.438884,0,-4675.629000000001,2023-06-29,-88538.7519
2023-06-29 16:00:00,1851.79,1857.1,1849.1,1850.6,6447.0209,2023-06-29 16:59:59.999,11943654.157552,11205,3116.6368,5773851.134251,0,-3330.3841,2023-06-29,-91869.136
2023-06-29 17:00:00,1850.59,1860.0,1841.38,1850.4,17024.2544,2023-06-29 17:59:59.999,31504719.195611,20985,8577.9715,15873826.445976,0,-8446.282900000002,2023-06-29,-100315.4189
2023-06-29 18:00:00,1850.39,1857.2,1847.5,1856.0,4790.7783,2023-06-29 18:59:59.999,8877881.128544,8857,2152.8996,3990082.20571,0,-2637.8786999999998,2023-06-29,-102953.2976
2023-06-29 19:00:00,1856.01,1858.62,1850.64,1857.48,4961.8826,2023-06-29 19:59:59.999,9204372.156431,8543,2298.7734,4264430.393414,0,-2663.1092,2023-06-29,-105616.4068
2023-06-29 20:00:00,1857.48,1859.5,1842.98,1849.23,12379.0939,2023-06-29 20:59:59.999,22885595.703722,16031,5231.3164,9670201.676974,0,-7147.7775,2023-06-29,-112764.18430000001
2023-06-29 21:00:00,1849.22,1852.84,1846.84,1851.2,4389.2762,2023-06-29 21:59:59.999,8122186.217352,8703,2350.0499,4348716.519639,0,-2039.2263000000003,2023-06-29,-114803.4106
2023-06-29 22:00:00,1851.2,1854.71,1850.42,1851.59,3548.9001,2023-06-29 22:59:59.999,6575492.959492,8006,1626.3682,3013195.348304,0,-1922.5319,2023-06-29,-116725.9425
2023-06-29 23:00:00,1851.59,1856.27,1849.2,1851.99,3593.8411,2023-06-29 23:59:59.999,6658640.14563,7587,1669.5746,3093539.016259,0,-1924.2665000000002,2023-06-29,-118650.209
2023-06-30 00:00:00,1851.99,1856.78,1847.69,1850.0,5896.6291,2023-06-30 00:59:59.999,10920321.508861,10976,2842.9632,5265048.599287,0,-3053.6659,2023-06-30,-3053.6659
2023-06-30 01:00:00,1850.01,1850.01,1841.5,1844.99,9271.9157,2023-06-30 01:59:59.999,17107127.212142,14482,4425.3201,8164623.584155,0,-4846.5956,2023-06-30,-7900.2615
2023-06-30 02:00:00,1844.98,1867.74,1843.82,1861.58,18084.2271,2023-06-30 02:59:59.999,33611170.048136,22774,9403.7565,17474286.9286,0,-8680.4706,2023-06-30,-16580.7321
2023-06-30 03:00:00,1861.57,1879.0,1860.68,1873.34,19799.5837,2023-06-30 03:59:59.999,37043175.391556,25336,11645.6541,21789152.187934,0,-8153.9295999999995,2023-06-30,-24734.6617
2023-06-30 04:00:00,1873.35,1907.99,1869.55,1887.39,51779.1891,2023-06-30 04:59:59.999,98008385.952908,59226,27540.5754,52140803.285323,0,-24238.6137,2023-06-30,-48973.2754
2023-06-30 05:00:00,1887.4,1895.96,1877.18,1882.09,22951.0198,2023-06-30 05:59:59.999,43329211.03984,27426,9813.0636,18521846.859267,0,-13137.956199999999,2023-06-30,-62111.2316
2023-06-30 06:00:00,1882.09,1883.8,1873.5,1874.65,9705.2795,2023-06-30 06:59:59.999,18220133.958452,15937,4621.9984,8676475.733463,0,-5083.2811,2023-06-30,-67194.5127
2023-06-30 07:00:00,1874.65,1890.0,1874.43,1887.8,20159.0277,2023-06-30 07:59:59.999,37968998.523205,18602,6461.737,12164868.576789,0,-13697.290699999998,2023-06-30,-80891.8034
2023-06-30 08:00:00,1887.81,1892.2,1884.74,1889.49,20392.0143,2023-06-30 08:59:59.999,38495997.326231,19908,8482.2934,16011295.589355,0,-11909.720899999998,2023-06-30,-92801.52429999999
2023-06-30 09:00:00,1889.5,1890.95,1883.44,1885.51,12722.9724,2023-06-30 09:59:59.999,24008824.603602,17065,5106.504,9634945.37793,0,-7616.468400000001,2023-06-30,-100417.9927
2023-06-30 10:00:00,1885.51,1894.38,1885.02,1892.22,10701.4973,2023-06-30 10:59:59.999,20225930.851882,17452,5195.212,9819497.644691,0,-5506.2853000000005,2023-06-30,-105924.27799999999
2023-06-30 11:00:00,1892.21,1893.48,1886.0,1891.1,8273.4477,2023-06-30 11:59:59.999,15640804.714009,14263,4122.8992,7794193.249122,0,-4150.548500000001,2023-06-30,-110074.8265
2023-06-30 12:00:00,1891.1,1913.4,1888.24,1906.66,27960.1076,2023-06-30 12:59:59.999,53158083.865291,33656,15318.9851,29124926.848199,0,-12641.1225,2023-06-30,-122715.949
2023-06-30 13:00:00,1906.66,1909.14,1825.01,1855.36,123015.3714,2023-06-30 13:59:59.999,229076629.540797,123702,55689.5388,103699059.284595,0,-67325.8326,2023-06-30,-190041.7816
2023-06-30 14:00:00,1855.37,1861.91,1841.96,1845.45,46044.198,2023-06-30 14:59:59.999,85296454.896141,48689,22974.2707,42569359.087875,0,-23069.927299999996,2023-06-30,-213111.70889999997
2023-06-30 15:00:00,1845.45,1854.42,1844.12,1852.32,17503.3252,2023-06-30 15:59:59.999,32370349.518631,22448,8611.1187,15923319.634263,0,-8892.206499999998,2023-06-30,-222003.91539999997
2023-06-30 16:00:00,1852.32,1905.34,1849.0,1898.49,83902.1661,2023-06-30 16:59:59.999,157404210.220772,80979,37003.6591,69582479.758274,0,-46898.507000000005,2023-06-30,-268902.4224
2023-06-30 17:00:00,1898.5,1948.6,1898.2,1931.8,114030.6735,2023-06-30 17:59:59.999,219711071.034023,125628,61835.9111,119144822.552098,0,-52194.76240000001,2023-06-30,-321097.1848
2023-06-30 18:00:00,1931.8,1943.0,1914.55,1924.61,35722.3624,2023-06-30 18:59:59.999,68891478.411354,41891,17294.1033,33351191.883493,0,-18428.2591,2023-06-30,-339525.4439
2023-06-30 19:00:00,1924.62,1931.4,1917.82,1926.32,12089.0942,2023-06-30 19:59:59.999,23263119.210769,17323,6146.9306,11829423.934112,0,-5942.1636,2023-06-30,-345467.6075
2023-06-30 20:00:00,1926.32,1932.37,1922.25,1927.25,10950.512,2023-06-30 20:59:59.999,21112577.881126,15135,5066.4423,9767178.591202,0,-5884.069700000001,2023-06-30,-351351.6772
2023-06-30 21:00:00,1927.25,1933.53,1918.66,1931.95,12849.3609,2023-06-30 21:59:59.999,24765997.848231,16592,5568.6544,10732888.163442,0,-7280.706499999999,2023-06-30,-358632.3837
2023-06-30 22:00:00,1931.96,1940.41,1930.73,1934.59,8939.7897,2023-06-30 22:59:59.999,17305107.240169,15762,4106.8326,7949551.605165,0,-4832.9571,2023-06-30,-363465.3408
2023-06-30 23:00:00,1934.6,1943.68,1930.78,1933.79,13794.3391,2023-06-30 23:59:59.999,26695291.817317,19637,6157.229,11917936.286393,0,-7637.110099999999,2023-06-30,-371102.4509
2023-07-01 00:00:00,1933.8,1944.56,1930.01,1934.11,20088.0766,2023-07-01 00:59:59.999,38931951.862119,24283,11427.0512,22147387.731254,0,-8661.0254,2023-07-01,-8661.0254
2023-07-01 01:00:00,1934.11,1936.13,1924.25,1929.2,14412.9689,2023-07-01 01:59:59.999,27807961.393182,21720,6193.9699,11949894.481325,0,-8218.999,2023-07-01,-16880.024400000002
2023-07-01 02:00:00,1929.2,1930.33,1920.44,1920.69,9623.0659,2023-07-01 02:59:59.999,18524224.211711,16356,4070.2595,7835228.98645,0,-5552.8063999999995,2023-07-01,-22432.8308
2023-07-01 03:00:00,1920.7,1922.65,1917.28,1920.16,7997.5855,2023-07-01 03:59:59.999,15355232.034413,13827,3827.6208,7348883.535652,0,-4169.9647,2023-07-01,-26602.7955
2023-07-01 04:00:00,1920.15,1920.93,1909.44,1915.2,11373.8248,2023-07-01 04:59:59.999,21772824.48157,18131,5088.8286,9740210.053908,0,-6284.9962000000005,2023-07-01,-32887.7917
2023-07-01 05:00:00,1915.2,1919.14,1914.54,1919.07,3934.3874,2023-07-01 05:59:59.999,7541951.511207,9556,2089.2753,4004935.905022,0,-1845.1121000000003,2023-07-01,-34732.9038
2023-07-01 06:00:00,1919.08,1922.17,1915.13,1920.83,7446.8613,2023-07-01 06:59:59.999,14288321.688383,11675,3515.8403,6745355.789106,0,-3931.0209999999997,2023-07-01,-38663.9248
2023-07-01 07:00:00,1920.83,1920.91,1912.51,1920.05,7645.7622,2023-07-01 07:59:59.999,14656508.129933,13694,3236.3634,6204500.071986,0,-4409.3988,2023-07-01,-43073.3236
2023-07-01 08:00:00,1920.04,1920.41,1911.6,1915.32,8190.5091,2023-07-01 08:59:59.999,15703740.52052,13576,3734.4785,7160139.870822,0,-4456.0306,2023-07-01,-47529.3542
2023-07-01 09:00:00,1915.33,1919.83,1913.8,1916.93,5272.0261,2023-07-01 09:59:59.999,10105822.266311,11294,2530.8074,4851053.007486,0,-2741.2187,2023-07-01,-50270.5729
2023-07-01 10:00:00,1916.94,1926.04,1915.84,1922.42,10944.4614,2023-07-01 10:59:59.999,21021687.217147,16499,5289.6901,10157897.213872,0,-5654.7713,2023-07-01,-55925.3442
2023-07-01 11:00:00,1922.42,1926.87,1920.86,1922.55,6882.1509,2023-07-01 11:59:59.999,13237035.871354,12717,3439.8955,6616440.41137,0,-3442.2553999999996,2023-07-01,-59367.5996
2023-07-01 12:00:00,1922.56,1927.73,1921.96,1927.01,7664.6457,2023-07-01 12:59:59.999,14756256.095609,13977,3920.8051,7548000.39188,0,-3743.8406,2023-07-01,-63111.4402
2023-07-01 13:00:00,1927.01,1929.87,1922.8,1923.5,10196.3205,2023-07-01 13:59:59.999,19640812.387381,15343,4974.6204,9582536.105998,0,-5221.7001,2023-07-01,-68333.1403
2023-07-01 14:00:00,1923.49,1925.8,1921.45,1923.06,7108.954,2023-07-01 14:59:59.999,13673926.654517,14302,3686.879,7091477.99048,0,-3422.075,2023-07-01,-71755.2153
2023-07-01 15:00:00,1923.06,1924.4,1917.5,1922.63,8599.9263,2023-07-01 15:59:59.999,16526158.382405,13940,4249.8274,8167838.57348,0,-4350.098899999999,2023-07-01,-76105.3142
2023-07-01 16:00:00,1922.63,1923.97,1916.92,1919.62,6642.5015,2023-07-01 16:59:59.999,12754071.775619,12029,3748.4742,7197277.10544,0,-2894.0273,2023-07-01,-78999.3415
2023-07-01 17:00:00,1919.61,1921.11,1916.6,1918.31,5109.6579,2023-07-01 17:59:59.999,9803808.725961,9502,2624.9954,5036710.655216,0,-2484.6625000000004,2023-07-01,-81484.004
2023-07-01 18:00:00,1918.31,1921.37,1918.3,1921.26,3362.2662,2023-07-01 18:59:59.999,6455848.823595,7191,2164.3073,4155464.665101,0,-1197.9589,2023-07-01,-82681.9629
2023-07-01 19:00:00,1921.26,1924.2,1921.26,1922.6,3677.8801,2023-07-01 19:59:59.999,7072601.423787,7924,1828.026,3515200.003508,0,-1849.8540999999998,2023-07-01,-84531.817
2023-07-01 20:00:00,1922.6,1924.1,1921.75,1922.8,2676.2595,2023-07-01 20:59:59.999,5146653.466158,6446,1300.5349,2500960.630154,0,-1375.7246,2023-07-01,-85907.5416
2023-07-01 21:00:00,1922.8,1923.3,1921.56,1922.86,1943.5641,2023-07-01 21:59:59.999,3736392.598008,6232,964.4452,1854047.070078,0,-979.1189,2023-07-01,-86886.6605
2023-07-01 22:00:00,1922.86,1927.32,1920.63,1922.74,4903.4367,2023-07-01 22:59:59.999,9433626.270631,8977,2711.9855,5217357.506896,0,-2191.4512000000004,2023-07-01,-89078.1117
2023-07-01 23:00:00,1922.74,1925.45,1920.69,1924.5,2676.2762,2023-07-01 23:59:59.999,5146337.821215,7828,1675.4894,3221720.39692,0,-1000.7867999999999,2023-07-01,-90078.8985
2023-07-02 00:00:00,1924.5,1926.7,1917.44,1921.0,9699.6964,2023-07-02 00:59:59.999,18639994.485716,15158,4746.8991,9120984.586024,0,-4952.797300000001,2023-07-02,-4952.797300000001
2023-07-02 01:00:00,1920.99,1923.64,1918.37,1920.33,6558.9204,2023-07-02 01:59:59.999,12598547.404397,9197,3672.8398,7054411.157758,0,-2886.0806,2023-07-02,-7838.877900000001
2023-07-02 02:00:00,1920.33,1923.5,1911.26,1919.57,8971.9059,2023-07-02 02:59:59.999,17204883.521839,14675,4714.0694,9040673.906605,0,-4257.836499999999,2023-07-02,-12096.7144
2023-07-02 03:00:00,1919.58,1919.58,1911.4,1913.91,6467.443,2023-07-02 03:59:59.999,12388728.50029,12258,2638.3498,5054896.43232,0,-3829.0932000000003,2023-07-02,-15925.8076
2023-07-02 04:00:00,1913.91,1916.15,1910.06,1913.41,5856.2779,2023-07-02 04:59:59.999,11207508.937334,10626,2464.8884,4717586.146531,0,-3391.3895,2023-07-02,-19317.1971
2023-07-02 05:00:00,1913.42,1915.94,1911.91,1913.9,4934.1798,2023-07-02 05:59:59.999,9444306.603445,9330,1986.3856,3802053.686628,0,-2947.7942,2023-07-02,-22264.9913
2023-07-02 06:00:00,1913.89,1916.77,1912.8,1913.6,4075.6671,2023-07-02 06:59:59.999,7802946.588566,8264,1993.2363,3815893.75009,0,-2082.4308,2023-07-02,-24347.4221
2023-07-02 07:00:00,1913.59,1916.4,1912.5,1914.97,5315.0617,2023-07-02 07:59:59.999,10176527.493399,9136,2179.5802,4172914.454184,0,-3135.4815000000003,2023-07-02,-27482.9036
2023-07-02 08:00:00,1914.96,1918.0,1912.06,1912.07,4385.775,2023-07-02 08:59:59.999,8398793.669155,8907,1710.5397,3275669.28908,0,-2675.2352999999994,2023-07-02,-30158.1389
2023-07-02 09:00:00,1912.07,1919.64,1911.83,1917.78,5818.4625,2023-07-02 09:59:59.999,11151890.574056,10092,3364.2248,6448438.491624,0,-2454.2376999999997,2023-07-02,-32612.3766
2023-07-02 10:00:00,1917.79,1919.5,1915.34,1917.12,7180.6601,2023-07-02 10:59:59.999,13768235.456886,11013,3441.018,6597564.345094,0,-3739.6421,2023-07-02,-36352.0187
2023-07-02 11:00:00,1917.12,1922.4,1916.44,1919.99,4954.9573,2023-07-02 11:59:59.999,9506206.82311,10356,2803.8233,5378611.585431,0,-2151.134,2023-07-02,-38503.1527
2023-07-02 12:00:00,1919.99,1921.15,1916.41,1917.79,4246.9675,2023-07-02 12:59:59.999,8150314.036094,11476,2119.7679,4067997.035864,0,-2127.1996,2023-07-02,-40630.3523
2023-07-02 13:00:00,1917.8,1918.88,1913.62,1915.87,5751.5885,2023-07-02 13:59:59.999,11022307.522411,10619,2780.0136,5327801.565632,0,-2971.5748999999996,2023-07-02,-43601.9272
2023-07-02 14:00:00,1915.87,1927.5,1915.43,1925.81,8744.4413,2023-07-02 14:59:59.999,16802375.03382,13507,4455.9875,8559930.831903,0,-4288.4538,2023-07-02,-47890.381
2023-07-02 15:00:00,1925.8,1927.61,1885.75,1918.61,38052.2329,2023-07-02 15:59:59.999,72567526.002327,45790,17598.5101,33568190.495415,0,-20453.722800000003,2023-07-02,-68344.10380000001
2023-07-02 16:00:00,1918.6,1924.2,1916.2,1917.5,9859.2385,2023-07-02 16:59:59.999,18926072.403624,13236,5075.9623,9743759.833161,0,-4783.276199999999,2023-07-02,-73127.38
2023-07-02 17:00:00,1917.51,1918.0,1905.77,1907.27,11579.2247,2023-07-02 17:59:59.999,22142433.037041,14995,5907.0885,11295271.528133,0,-5672.136200000001,2023-07-02,-78799.5162
2023-07-02 18:00:00,1907.26,1912.12,1901.61,1912.12,8985.4473,2023-07-02 18:59:59.999,17136316.157947,14047,5244.9304,10002574.756471,0,-3740.5168999999996,2023-07-02,-82540.0331
2023-07-02 19:00:00,1912.11,1914.47,1910.81,1914.12,3080.4439,2023-07-02 19:59:59.999,5891585.596522,7109,1638.3004,3133262.22256,0,-1442.1435000000001,2023-07-02,-83982.1766
2023-07-02 20:00:00,1914.12,1920.39,1911.26,1918.39,4090.4824,2023-07-02 20:59:59.999,7837189.363393,8236,1991.9697,3815842.087466,0,-2098.5126999999998,2023-07-02,-86080.6893
2023-07-02 21:00:00,1918.39,1924.98,1917.83,1921.0,6308.2416,2023-07-02 21:59:59.999,12120273.345181,10375,3228.9291,6203801.960345,0,-3079.3125000000005,2023-07-02,-89160.0018
2023-07-02 22:00:00,1921.01,1959.2,1912.28,1942.05,65668.796,2023-07-02 22:59:59.999,127529882.409599,86532,33902.0684,65843629.416912,0,-31766.727600000006,2023-07-02,-120926.72940000001
2023-07-02 23:00:00,1942.04,1944.09,1930.61,1937.48,15266.6715,2023-07-02 23:59:59.999,29566997.993987,16199,7682.58,14879276.448289,0,-7584.0915,2023-07-02,-128510.8209
2023-07-03 00:00:00,1937.49,1942.27,1933.55,1934.88,8265.9538,2023-07-03 00:59:59.999,16018219.42176,13041,4563.5945,8843580.9715,0,-3702.359299999999,2023-07-03,-3702.359299999999
2023-07-03 01:00:00,1934.87,1949.86,1934.69,1944.99,13737.2833,2023-07-03 01:59:59.999,26715045.948176,14878,7154.6917,13911955.830527,0,-6582.591599999999,2023-07-03,-10284.950899999998
2023-07-03 02:00:00,1944.99,1953.5,1944.98,1949.18,11896.0463,2023-07-03 02:59:59.999,23193789.157203,15104,6676.7261,13017146.705559,0,-5219.3202,2023-07-03,-15504.271099999998
2023-07-03 03:00:00,1949.17,1951.14,1948.0,1949.01,5271.2924,2023-07-03 03:59:59.999,10276793.612885,10000,2680.5869,5225617.494227,0,-2590.7055000000005,2023-07-03,-18094.976599999998
2023-07-03 04:00:00,1949.0,1951.97,1941.75,1948.9,12951.1953,2023-07-03 04:59:59.999,25217992.823559,15728,7713.8619,15019777.532202,0,-5237.3333999999995,2023-07-03,-23332.309999999998
2023-07-03 05:00:00,1948.89,1949.59,1944.73,1945.57,6391.5914,2023-07-03 05:59:59.999,12447701.845906,10296,2742.3319,5340881.675513,0,-3649.2595,2023-07-03,-26981.569499999998
2023-07-03 06:00:00,1945.58,1948.82,1942.3,1947.85,8608.9522,2023-07-03 06:59:59.999,16749433.383915,13526,4161.524,8097137.544719,0,-4447.428199999999,2023-07-03,-31428.997699999996
2023-07-03 07:00:00,1947.86,1973.76,1947.85,1966.83,31449.7813,2023-07-03 07:59:59.999,61696721.321327,36932,15298.4101,30007059.201339,0,-16151.3712,2023-07-03,-47580.3689
2023-07-03 08:00:00,1966.83,1976.0,1958.86,1960.02,23854.6457,2023-07-03 08:59:59.999,46904584.682118,24561,10637.1293,20922075.441195,0,-13217.5164,2023-07-03,-60797.885299999994
2023-07-03 09:00:00,1960.01,1963.5,1955.36,1955.91,9216.2492,2023-07-03 09:59:59.999,18060592.70038,13871,3810.0352,7467274.798002,0,-5406.214,2023-07-03,-66204.0993
2023-07-03 10:00:00,1955.92,1963.0,1954.6,1962.46,11624.936,2023-07-03 10:59:59.999,22778131.642598,16207,5301.9481,10387413.51006,0,-6322.9879,2023-07-03,-72527.0872
2023-07-03 11:00:00,1962.45,1966.66,1960.93,1962.01,8321.308,2023-07-03 11:59:59.999,16334917.625724,14114,3610.8133,7087730.132125,0,-4710.494700000001,2023-07-03,-77237.5819
2023-07-03 12:00:00,1962.0,1967.24,1954.6,1966.69,15046.7807,2023-07-03 12:59:59.999,29509765.760535,21714,7569.7904,14848301.552734,0,-7476.9902999999995,2023-07-03,-84714.5722
2023-07-03 13:00:00,1966.69,1971.4,1961.73,1963.99,13659.9262,2023-07-03 13:59:59.999,26854908.731273,19906,6936.608,13636059.51407,0,-6723.3182,2023-07-03,-91437.8904
2023-07-03 14:00:00,1963.99,1967.0,1957.7,1960.5,11955.1418,2023-07-03 14:59:59.999,23459339.698926,17604,5731.2885,11247619.290663,0,-6223.8533,2023-07-03,-97661.74369999999
2023-07-03 15:00:00,1960.49,1976.16,1960.0,1968.17,28876.366,2023-07-03 15:59:59.999,56857336.818152,26366,14938.0688,29406745.720611,0,-13938.297200000003,2023-07-03,-111600.04089999999
2023-07-03 16:00:00,1968.17,1970.3,1953.26,1964.11,22935.0481,2023-07-03 16:59:59.999,44989543.558471,24484,10492.8861,20578964.26685,0,-12442.162,2023-07-03,-124042.2029
2023-07-03 17:00:00,1964.12,1966.65,1959.2,1964.21,10644.895,2023-07-03 17:59:59.999,20895551.527168,13451,4993.2311,9801529.179888,0,-5651.6639000000005,2023-07-03,-129693.8668
2023-07-03 18:00:00,1964.22,1971.81,1960.0,1970.5,12262.0461,2023-07-03 18:59:59.999,24107814.065947,15919,6552.1823,12882236.16893,0,-5709.863799999999,2023-07-03,-135403.7306
2023-07-03 19:00:00,1970.51,1974.71,1964.14,1967.4,17362.4476,2023-07-03 19:59:59.999,34189167.619225,18231,8088.0627,15925123.825154,0,-9274.3849,2023-07-03,-144678.1155
2023-07-03 20:00:00,1967.39,1968.0,1955.77,1958.52,12692.5914,2023-07-03 20:59:59.999,24887849.861934,14815,5840.1243,11449080.986759,0,-6852.467099999999,2023-07-03,-151530.5826
2023-07-03 21:00:00,1958.52,1959.5,1948.22,1957.4,14353.018,2023-07-03 21:59:59.999,28048894.985801,15854,6001.5811,11727706.690038,0,-8351.4369,2023-07-03,-159882.0195
2023-07-03 22:00:00,1957.41,1958.89,1952.69,1955.34,5162.156,2023-07-03 22:59:59.999,10097424.459079,8690,2613.43,5112012.366681,0,-2548.726,2023-07-03,-162430.7455
2023-07-03 23:00:00,1955.34,1955.93,1950.43,1955.54,5562.7777,2023-07-03 23:59:59.999,10867477.559354,8792,2499.7342,4883454.337456,0,-3063.0434999999998,2023-07-03,-165493.789
2023-07-04 00:00:00,1955.55,1958.0,1950.76,1951.61,7100.4148,2023-07-04 00:59:59.999,13875297.54472,10924,3540.6837,6919530.030963,0,-3559.7310999999995,2023-07-04,-3559.7310999999995
2023-07-04 01:00:00,1951.6,1959.35,1950.34,1954.24,12831.3138,2023-07-04 01:59:59.999,25078111.87647,14734,5977.2764,11680741.763095,0,-6854.0374,2023-07-04,-10413.7685
2023-07-04 02:00:00,1954.24,1956.99,1952.81,1956.6,8490.7305,2023-07-04 02:59:59.999,16599711.886554,9547,3657.0713,7149454.600587,0,-4833.6592,2023-07-04,-15247.4277
2023-07-04 03:00:00,1956.6,1967.08,1954.34,1963.34,11448.9999,2023-07-04 03:59:59.999,22456029.679238,12541,6057.8332,11882901.88763,0,-5391.166700000001,2023-07-04,-20638.5944
2023-07-04 04:00:00,1963.34,1963.35,1948.59,1954.01,9411.3246,2023-07-04 04:59:59.999,18411514.792322,14178,3302.2083,6459982.909658,0,-6109.1163,2023-07-04,-26747.7107
2023-07-04 05:00:00,1954.01,1955.0,1951.51,1952.12,6783.9414,2023-07-04 05:59:59.999,13252645.029039,10629,3479.4989,6797363.647955,0,-3304.4424999999997,2023-07-04,-30052.1532
2023-07-04 06:00:00,1952.13,1957.0,1946.39,1953.5,8987.0101,2023-07-04 06:59:59.999,17545931.75695,13124,4074.5133,7956292.98343,0,-4912.496799999999,2023-07-04,-34964.649999999994
2023-07-04 07:00:00,1953.49,1954.8,1948.46,1948.8,6134.3872,2023-07-04 07:59:59.999,11975633.040338,11572,2132.0235,4162736.256018,0,-4002.3637000000003,2023-07-04,-38967.013699999996
2023-07-04 08:00:00,1948.81,1952.4,1948.52,1950.52,5025.8581,2023-07-04 08:59:59.999,9804406.057684,10594,2103.1225,4102836.392933,0,-2922.7356000000004,2023-07-04,-41889.749299999996
2023-07-04 09:00:00,1950.52,1954.87,1946.54,1954.87,8377.6299,2023-07-04 09:59:59.999,16351741.392015,13345,3799.3204,7415707.000942,0,-4578.309499999999,2023-07-04,-46468.0588
2023-07-04 10:00:00,1954.86,1960.0,1954.01,1958.0,9334.1568,2023-07-04 10:59:59.999,18264331.872097,13727,4437.5517,8683202.872345,0,-4896.605100000001,2023-07-04,-51364.6639
2023-07-04 11:00:00,1958.0,1961.99,1955.98,1960.53,9163.3853,2023-07-04 11:59:59.999,17952841.695419,16107,4849.8407,9500514.907243,0,-4313.5446,2023-07-04,-55678.2085
2023-07-04 12:00:00,1960.53,1961.7,1954.25,1956.97,7066.0763,2023-07-04 12:59:59.999,13837805.749008,12903,3183.9881,6235690.685755,0,-3882.0881999999997,2023-07-04,-59560.2967
2023-07-04 13:00:00,1956.97,1958.71,1953.2,1956.02,6264.3404,2023-07-04 13:59:59.999,12255506.259771,14126,2797.0463,5471903.236212,0,-3467.2941,2023-07-04,-63027.5908
2023-07-04 14:00:00,1956.01,1960.38,1955.01,1956.78,5195.0452,2023-07-04 14:59:59.999,10171386.740961,10277,2692.099,5270857.462665,0,-2502.9461999999994,2023-07-04,-65530.537
2023-07-04 15:00:00,1956.77,1959.5,1950.44,1954.19,8837.6572,2023-07-04 15:59:59.999,17270430.593588,13381,3421.7019,6687033.943552,0,-5415.9553,2023-07-04,-70946.4923
2023-07-04 16:00:00,1954.19,1965.57,1950.51,1955.63,14874.8473,2023-07-04 16:59:59.999,29125226.116103,19115,7149.0448,14000370.992171,0,-7725.8025,2023-07-04,-78672.2948
2023-07-04 17:00:00,1955.63,1957.53,1948.0,1949.84,10546.1494,2023-07-04 17:59:59.999,20591472.021218,14011,4749.7656,9274129.901384,0,-5796.3838000000005,2023-07-04,-84468.6786
2023-07-04 18:00:00,1949.84,1953.01,1945.47,1949.39,8377.5116,2023-07-04 18:59:59.999,16327683.416054,12265,3716.1309,7243655.030679,0,-4661.3807,2023-07-04,-89130.0593
2023-07-04 19:00:00,1949.39,1950.19,1931.58,1934.29,23388.9655,2023-07-04 19:59:59.999,45354519.44075,26311,9986.8023,19362526.51559,0,-13402.163199999999,2023-07-04,-102532.2225
2023-07-04 20:00:00,1934.29,1942.19,1932.12,1942.1,6630.9169,2023-07-04 20:59:59.999,12850708.215372,10176,3802.9615,7369800.912778,0,-2827.9554000000003,2023-07-04,-105360.1779
2023-07-04 21:00:00,1942.1,1942.67,1938.29,1941.79,3359.1239,2023-07-04 21:59:59.999,6519873.909525,7536,1443.971,2802586.768103,0,-1915.1529,2023-07-04,-107275.3308
2023-07-04 22:00:00,1941.79,1942.42,1938.5,1941.57,3599.175,2023-07-04 22:59:59.999,6984588.062013,7395,1638.086,3178679.042068,0,-1961.0890000000002,2023-07-04,-109236.4198
2023-07-04 23:00:00,1941.57,1941.73,1935.2,1936.2,4296.1373,2023-07-04 23:59:59.999,8329600.102629,9173,1906.0009,3695568.138302,0,-2390.1364000000003,2023-07-04,-111626.55619999999
2023-07-05 00:00:00,1936.19,1942.0,1934.61,1935.07,6365.4353,2023-07-05 00:59:59.999,12338053.049904,11575,3149.4388,6104671.338556,0,-3215.9965,2023-07-05,-3215.9965
2023-07-05 01:00:00,1935.07,1942.12,1933.64,1938.24,5052.8069,2023-07-05 01:59:59.999,9798980.875115,9566,2356.9975,4570841.782003,0,-2695.8093999999996,2023-07-05,-5911.805899999999
2023-07-05 02:00:00,1938.24,1942.0,1937.6,1941.94,4237.5166,2023-07-05 02:59:59.999,8223548.455991,8256,2106.394,4087694.555678,0,-2131.1226,2023-07-05,-8042.9285
2023-07-05 03:00:00,1941.94,1942.5,1938.82,1941.28,3745.2364,2023-07-05 03:59:59.999,7268406.30288,8586,1453.3853,2820477.540143,0,-2291.8511,2023-07-05,-10334.7796
2023-07-05 04:00:00,1941.28,1942.0,1936.18,1936.89,6633.0314,2023-07-05 04:59:59.999,12855488.000112,10661,3005.2321,5823687.645058,0,-3627.7992999999997,2023-07-05,-13962.5789
2023-07-05 05:00:00,1936.89,1938.75,1932.15,1933.79,7854.474,2023-07-05 05:59:59.999,15201684.49874,10839,4523.1291,8754178.888847,0,-3331.3449,2023-07-05,-17293.9238
2023-07-05 06:00:00,1933.79,1937.44,1933.34,1937.31,6732.453,2023-07-05 06:59:59.999,13029201.008393,9955,3316.6998,6419422.547718,0,-3415.7532000000006,2023-07-05,-20709.677
2023-07-05 07:00:00,1937.31,1938.0,1935.41,1936.35,3592.6526,2023-07-05 07:59:59.999,6959495.108935,9180,1672.5903,3240048.935452,0,-1920.0622999999998,2023-07-05,-22629.7393
2023-07-05 08:00:00,1936.36,1937.07,1935.2,1937.06,738.4926,2023-07-05 08:59:59.999,1429905.971202,752,444.8234,861317.377083,0,-293.66920000000005,2023-07-05,-22923.4085
